frame_idx,event_points,event_intensity,event_concentration,event_saliency,dynamic_label,select_flag
0,656769,0.5310698747634888,0.14187534153461456,0.33647260069847107,0,3
1,782564,0.6761952042579651,0.1575355976819992,0.41686540842056274,0,3
2,652462,0.5261010527610779,0.1838134527206421,0.35495725274086,0,3
3,803629,0.7004971504211426,0.19748547673225403,0.4489912986755371,0,3
4,1063239,1.0,0.17374971508979797,0.5868748426437378,0,1
5,784809,0.6787851452827454,0.1362352818250656,0.4075102210044861,0,3
6,710145,0.592647910118103,0.15054568648338318,0.3715968132019043,0,3
7,196436,0.0,0.16158859431743622,0.08079429715871811,2,1
