frame_idx,event_points,event_intensity,event_concentration,event_saliency,dynamic_label,select_flag
0,523354,1.0,0.2314170002937317,0.6157084703445435,0,3
1,498751,0.9520652890205383,0.22009241580963135,0.5860788822174072,0,3
2,294645,0.5544001460075378,0.20317625999450684,0.37878820300102234,0,1
3,175105,0.32149723172187805,0.1928613930940628,0.257179319858551,1,1
4,108357,0.1914503425359726,0.05662092939019203,0.12403563410043716,2,1
5,149204,0.2710336446762085,0.18339364230632782,0.22721365094184875,1,3
6,202733,0.37532559037208557,0.28851622343063354,0.33192092180252075,0,3
7,146100,0.2649860084056854,0.21385765075683594,0.23942182958126068,1,3
8,10093,0.0,0.269566148519516,0.134783074259758,1,3
