frame_idx,event_points,event_intensity,event_concentration,event_saliency,dynamic_label,select_flag
0,1796999,1.0,0.20310373604297638,0.60155189037323,0,3
1,751875,0.26257947087287903,0.22256967425346375,0.2425745725631714,1,1
2,379729,0.0,0.20464378595352173,0.10232189297676086,2,3
3,879569,0.3526780605316162,0.3151510953903198,0.333914577960968,0,3
4,1644559,0.8924410939216614,0.230769082903862,0.5616050958633423,0,1
