frame_idx,event_points,event_intensity,event_concentration,event_saliency,dynamic_label,select_flag
0,201878,0.02867700718343258,0.08561661094427109,0.05714680999517441,2,3
1,147422,0.0,0.09873734414577484,0.04936867207288742,2,3
2,214018,0.03507005050778389,0.23592844605445862,0.1354992538690567,1,1
3,1102080,0.5027312636375427,0.2312832623720169,0.3670072555541992,0,3
4,2046365,1.0,0.1220274493098259,0.5610136985778809,0,1
5,1114066,0.5090432167053223,0.08098158240318298,0.2950124144554138,0,3
6,228449,0.042669542133808136,0.07369710505008698,0.058183323591947556,2,3
